{"cameraMode":{"drawMode":0,"name":"Shaded","section":"Shading Mode"},"sceneLighting":false,"audioPlay":false,"sceneViewState":{"m_AlwaysRefresh":false,"showFog":true,"showSkybox":false,"showFlares":true,"showImageEffects":true,"showParticleSystems":true,"showVisualEffectGraphs":true,"m_FxEnabled":true},"in2DMode":false,"pivot":{"x":300.3130187988281,"y":414.85955810546877,"z":25.45128631591797},"rotation":{"x":-0.17785750329494477,"y":0.0035398686304688455,"z":-0.0006389128393493593,"w":-0.9840511679649353},"size":4685.9150390625,"orthographic":false}